experiment,iteration,sigma,attributes,objects,closure
1,0,11844,1016,398,0
1,1,4058,404,2,3
1,2,100,0,0,230
2,0,11844,1016,398,0
2,1,4107,410,2,2
2,2,4061,400,0,5
3,0,11844,1016,398,0
3,1,4089,406,2,3
3,2,3802,392,0,9
4,0,11844,1016,398,0
4,1,3913,402,2,3
4,2,3906,398,0,5
5,0,11844,1016,398,0
5,1,4022,404,2,3
5,2,4009,398,0,7
6,0,11844,1016,398,0
6,1,4111,413,2,2
6,2,4096,410,0,5
7,0,11844,1016,398,0
7,1,3988,403,3,3
7,2,114,0,0,223
8,0,11844,1016,398,0
8,1,4111,413,2,2
8,2,4102,406,0,6
9,0,11844,1016,398,0
9,1,4111,413,2,2
9,2,3725,387,0,8
10,0,11844,1016,398,0
10,1,4102,412,3,2
10,2,3851,397,0,5
11,0,11844,1016,398,0
11,1,4017,406,2,3
11,2,3868,397,0,5
12,0,11844,1016,398,0
12,1,3994,400,2,3
12,2,3988,397,1,5
13,0,11844,1016,398,0
13,1,4108,412,2,3
13,2,3917,397,0,9
14,0,11844,1016,398,0
14,1,4001,396,2,3
14,2,3723,368,0,9
15,0,11844,1016,398,0
15,1,3994,400,2,3
15,2,3988,397,1,5
16,0,11844,1016,398,0
16,1,3948,411,5,3
16,2,3732,396,0,7
17,0,11844,1016,398,0
17,1,3918,402,3,3
17,2,3844,389,0,6
18,0,11844,1016,398,0
18,1,4040,406,2,3
18,2,112,0,0,223
19,0,11844,1016,398,0
19,1,4058,406,2,3
19,2,3922,397,0,7
20,0,11844,1016,398,0
20,1,4042,404,2,3
20,2,3496,384,1,10
21,0,11844,1016,398,0
21,1,4111,413,2,2
21,2,4096,410,0,5
22,0,11844,1016,398,0
22,1,4111,413,2,2
22,2,4019,403,0,5
23,0,11844,1016,398,0
23,1,4089,406,2,3
23,2,110,0,0,229
24,0,11844,1016,398,0
24,1,4111,413,2,2
24,2,4080,404,0,9
25,0,11844,1016,398,0
25,1,4111,413,2,2
25,2,3716,385,0,8
26,0,11844,1016,398,0
26,1,4111,413,2,2
26,2,4104,408,0,4
27,0,11844,1016,398,0
27,1,4111,413,2,2
27,2,4096,410,0,5
28,0,11844,1016,398,0
28,1,4111,413,2,2
28,2,4088,408,0,5
29,0,11844,1016,398,0
29,1,4111,413,2,2
29,2,4110,411,0,4
30,0,11844,1016,398,0
30,1,4111,413,2,2
30,2,3732,390,0,9
31,0,11844,1016,398,0
31,1,4100,407,2,3
31,2,3928,399,0,6
32,0,11844,1016,398,0
32,1,4005,406,2,3
32,2,3790,393,0,5
33,0,11844,1016,398,0
33,1,4042,404,2,3
33,2,3987,397,0,7
34,0,11844,1016,398,0
34,1,4072,411,6,2
34,2,4066,407,0,4
35,0,11844,1016,398,0
35,1,4023,404,3,3
35,2,113,0,0,218
36,0,11844,1016,398,0
36,1,3871,402,2,3
36,2,95,0,0,232
37,0,11844,1016,398,0
37,1,4111,413,2,2
37,2,3794,395,0,7
38,0,11844,1016,398,0
38,1,4100,407,2,3
38,2,4085,399,0,7
39,0,11844,1016,398,0
39,1,4111,413,2,2
39,2,3915,403,0,5
40,0,11844,1016,398,0
40,1,4063,406,2,3
40,2,3909,384,0,6
41,0,11844,1016,398,0
41,1,3859,404,2,3
41,2,3043,359,0,28
42,0,11844,1016,398,0
42,1,4098,409,2,2
42,2,3882,393,0,7
43,0,11844,1016,398,0
43,1,4046,404,2,3
43,2,3712,389,0,6
44,0,11844,1016,398,0
44,1,4111,413,2,2
44,2,3905,400,0,5
45,0,11844,1016,398,0
45,1,3884,395,3,3
45,2,87,0,0,238
46,0,11844,1016,398,0
46,1,4109,411,2,2
46,2,4034,405,0,4
47,0,11844,1016,398,0
47,1,4072,411,6,2
47,2,3132,359,0,17
48,0,11844,1016,398,0
48,1,3988,407,4,2
48,2,3954,395,0,7
49,0,11844,1016,398,0
49,1,3996,411,4,2
49,2,3919,402,0,5
50,0,11844,1016,398,0
50,1,4072,408,5,2
50,2,93,0,0,235
51,0,11844,1016,398,0
51,1,4044,407,2,3
51,2,4042,405,0,5
52,0,11844,1016,398,0
52,1,3789,397,3,3
52,2,3787,395,0,5
53,0,11844,1016,398,0
53,1,4091,410,3,2
53,2,3653,378,0,9
54,0,11844,1016,398,0
54,1,4036,410,2,2
54,2,4014,407,0,5
55,0,11844,1016,398,0
55,1,4111,413,2,2
55,2,3912,394,0,8
56,0,11844,1016,398,0
56,1,4107,410,2,2
56,2,4086,405,0,7
57,0,11844,1016,398,0
57,1,4020,412,2,2
57,2,3509,384,0,6
58,0,11844,1016,398,0
58,1,3888,404,2,3
58,2,106,0,0,227
59,0,11844,1016,398,0
59,1,4023,405,3,3
59,2,4021,403,0,5
60,0,11844,1016,398,0
60,1,3966,408,7,3
60,2,3436,369,1,20
61,0,11844,1016,398,0
61,1,4111,413,2,2
61,2,4096,410,0,5
62,0,11844,1016,398,0
62,1,4111,413,2,2
62,2,3539,375,0,15
63,0,11844,1016,398,0
63,1,4111,413,2,2
63,2,3839,400,0,8
64,0,11844,1016,398,0
64,1,4111,413,2,2
64,2,3536,380,0,21
65,0,11844,1016,398,0
65,1,4111,413,2,2
65,2,4083,406,0,5
66,0,11844,1016,398,0
66,1,4110,412,2,2
66,2,83,0,0,233
67,0,11844,1016,398,0
67,1,3982,397,2,3
67,2,3577,0,0,10
68,0,11844,1016,398,0
68,1,4111,413,2,2
68,2,3459,373,0,9
69,0,11844,1016,398,0
69,1,4059,409,3,3
69,2,116,0,0,220
70,0,11844,1016,398,0
70,1,4111,413,2,2
70,2,3637,383,0,13
71,0,11844,1016,398,0
71,1,4111,413,2,2
71,2,4096,410,0,5
72,0,11844,1016,398,0
72,1,4011,405,2,3
72,2,4001,401,0,6
73,0,11844,1016,398,0
73,1,3976,408,2,3
73,2,108,0,0,224
74,0,11844,1016,398,0
74,1,3819,403,2,3
74,2,3101,357,0,13
75,0,11844,1016,398,0
75,1,4111,413,2,2
75,2,3840,385,0,9
76,0,11844,1016,398,0
76,1,4042,402,4,3
76,2,3607,379,0,9
77,0,11844,1016,398,0
77,1,4106,411,2,2
77,2,3718,384,1,9
78,0,11844,1016,398,0
78,1,4074,405,2,3
78,2,4042,0,0,9
79,0,11844,1016,398,0
79,1,3993,393,2,3
79,2,107,0,0,224
80,0,11844,1016,398,0
80,1,4063,408,2,3
80,2,3498,371,0,9
81,0,11844,1016,398,0
81,1,4111,413,2,2
81,2,4096,410,0,5
82,0,11844,1016,398,0
82,1,4111,413,2,2
82,2,4096,410,0,5
83,0,11844,1016,398,0
83,1,4107,411,2,3
83,2,3787,388,0,8
84,0,11844,1016,398,0
84,1,4111,413,2,2
84,2,4108,410,0,4
85,0,11844,1016,398,0
85,1,4111,413,2,2
85,2,4096,410,0,5
86,0,11844,1016,398,0
86,1,4038,409,2,2
86,2,3768,391,0,5
87,0,11844,1016,398,0
87,1,4036,409,3,2
87,2,3747,376,0,6
88,0,11844,1016,398,0
88,1,3994,400,2,3
88,2,3385,359,0,24
89,0,11844,1016,398,0
89,1,4008,399,3,3
89,2,3912,394,2,5
89,3,103,0,0,222
90,0,11844,1016,398,0
90,1,4112,413,2,2
90,2,3976,406,1,5
91,0,11844,1016,398,0
91,1,4107,411,2,3
91,2,3885,384,0,9
92,0,11844,1016,398,0
92,1,4111,413,2,2
92,2,4108,408,0,5
93,0,11844,1016,398,0
93,1,4111,413,2,2
93,2,4110,409,0,4
94,0,11844,1016,398,0
94,1,4111,413,2,2
94,2,4096,410,0,5
95,0,11844,1016,398,0
95,1,4111,413,2,2
95,2,3917,402,0,5
96,0,11844,1016,398,0
96,1,4066,408,4,2
96,2,3967,393,0,5
97,0,11844,1016,398,0
97,1,3957,399,2,3
97,2,91,0,0,236
98,0,11844,1016,398,0
98,1,4111,413,2,2
98,2,4030,405,0,6
99,0,11844,1016,398,0
99,1,4111,413,2,2
99,2,4096,410,0,5
100,0,11844,1016,398,0
100,1,3896,393,2,3
100,2,3489,365,0,11
101,0,11844,1016,398,0
101,1,4111,413,2,2
101,2,4089,408,0,4
102,0,11844,1016,398,0
102,1,4015,402,2,3
102,2,119,0,0,217
103,0,11844,1016,398,0
103,1,3900,400,2,3
103,2,123,0,0,210
104,0,11844,1016,398,0
104,1,4111,413,2,2
104,2,4033,405,0,6
105,0,11844,1016,398,0
105,1,4080,403,2,3
105,2,4047,394,0,9
106,0,11844,1016,398,0
106,1,4001,408,2,3
106,2,102,0,0,227
107,0,11844,1016,398,0
107,1,4073,410,2,3
107,2,115,0,0,220
108,0,11844,1016,398,0
108,1,4111,413,2,2
108,2,4027,406,0,5
109,0,11844,1016,398,0
109,1,4108,409,2,3
109,2,89,0,0,238
110,0,11844,1016,398,0
110,1,3959,407,3,3
110,2,90,0,0,228
111,0,11844,1016,398,0
111,1,3955,397,2,3
111,2,112,0,0,222
112,0,11844,1016,398,0
112,1,4007,404,2,3
112,2,113,0,0,227
113,0,11844,1016,398,0
113,1,3924,407,2,2
113,2,3681,392,0,6
114,0,11844,1016,398,0
114,1,3988,403,3,3
114,2,89,0,0,237
115,0,11844,1016,398,0
115,1,4028,407,2,3
115,2,3688,375,0,7
116,0,11844,1016,398,0
116,1,4111,413,2,2
116,2,4096,410,0,5
117,0,11844,1016,398,0
117,1,4000,399,2,3
117,2,3584,387,0,8
118,0,11844,1016,398,0
118,1,4111,413,2,2
118,2,4051,408,0,5
119,0,11844,1016,398,0
119,1,3994,400,2,3
119,2,3044,336,0,26
120,0,11844,1016,398,0
120,1,3947,402,2,3
120,2,3548,383,0,6
121,0,11844,1016,398,0
121,1,4035,406,2,3
121,2,4026,400,0,6
122,0,11844,1016,398,0
122,1,4038,409,2,2
122,2,3915,395,0,5
123,0,11844,1016,398,0
123,1,4011,404,2,3
123,2,3997,400,0,7
124,0,11844,1016,398,0
124,1,3949,404,9,3
124,2,3541,377,2,13
124,3,117,0,0,215
125,0,11844,1016,398,0
125,1,4021,406,4,3
125,2,3919,395,0,5
126,0,11844,1016,398,0
126,1,4111,413,2,2
126,2,3839,400,0,8
127,0,11844,1016,398,0
127,1,4111,413,2,2
127,2,4109,410,0,4
128,0,11844,1016,398,0
128,1,4112,413,2,2
128,2,3922,398,0,8
129,0,11844,1016,398,0
129,1,4065,412,2,2
129,2,3980,406,0,4
130,0,11844,1016,398,0
130,1,4111,413,2,2
130,2,3697,375,0,9
131,0,11844,1016,398,0
131,1,4111,413,2,2
131,2,3840,401,0,6
132,0,11844,1016,398,0
132,1,4111,413,2,2
132,2,4096,410,0,5
133,0,11844,1016,398,0
133,1,4111,413,2,2
133,2,4034,408,0,4
134,0,11844,1016,398,0
134,1,4111,413,2,2
134,2,3686,381,0,7
135,0,11844,1016,398,0
135,1,4046,408,2,3
135,2,110,0,0,223
136,0,11844,1016,398,0
136,1,4063,406,2,3
136,2,3474,370,0,22
137,0,11844,1016,398,0
137,1,4017,403,2,3
137,2,95,0,0,233
138,0,11844,1016,398,0
138,1,4024,405,3,3
138,2,3987,383,0,6
139,0,11844,1016,398,0
139,1,3965,409,4,2
139,2,3208,366,0,8
140,0,11844,1016,398,0
140,1,4111,413,2,2
140,2,4096,410,0,5
141,0,11844,1016,398,0
141,1,4111,413,2,2
141,2,4096,410,0,5
142,0,11844,1016,398,0
142,1,4111,413,2,2
142,2,3903,400,0,5
143,0,11844,1016,398,0
143,1,4078,407,2,3
143,2,92,0,0,228
144,0,11844,1016,398,0
144,1,4035,407,2,3
144,2,3316,347,0,16
145,0,11844,1016,398,0
145,1,4111,413,2,2
145,2,4080,404,0,9
146,0,11844,1016,398,0
146,1,3917,405,2,3
146,2,3739,386,1,6
147,0,11844,1016,398,0
147,1,4111,413,2,2
147,2,4108,409,0,4
148,0,11844,1016,398,0
148,1,4111,412,2,2
148,2,4049,401,0,6
149,0,11844,1016,398,0
149,1,4111,413,2,2
149,2,3979,404,0,6
150,0,11844,1016,398,0
150,1,4038,409,2,2
150,2,3727,386,0,6
151,0,11844,1016,398,0
151,1,4094,409,3,3
151,2,4086,405,2,6
151,3,3941,395,0,10
152,0,11844,1016,398,0
152,1,4111,413,2,2
152,2,3780,374,0,9
153,0,11844,1016,398,0
153,1,4107,411,4,2
153,2,4056,408,0,4
154,0,11844,1016,398,0
154,1,3789,397,3,3
154,2,3787,395,0,5
155,0,11844,1016,398,0
155,1,3988,407,4,2
155,2,107,0,0,222
156,0,11844,1016,398,0
156,1,3905,402,2,3
156,2,119,0,0,223
157,0,11844,1016,398,0
157,1,4045,403,2,3
157,2,95,0,0,232
158,0,11844,1016,398,0
158,1,3901,401,3,3
158,2,116,0,0,214
159,0,11844,1016,398,0
159,1,3952,407,2,3
159,2,3945,404,0,6
160,0,11844,1016,398,0
160,1,4112,413,2,2
160,2,4081,404,0,9
161,0,11844,1016,398,0
161,1,4111,413,2,2
161,2,4027,406,0,5
162,0,11844,1016,398,0
162,1,3948,411,5,3
162,2,3942,405,0,6
163,0,11844,1016,398,0
163,1,4111,413,2,2
163,2,3909,394,0,8
164,0,11844,1016,398,0
164,1,4111,413,2,2
164,2,3843,396,0,5
165,0,11844,1016,398,0
165,1,3988,407,4,2
165,2,114,0,0,214
166,0,11844,1016,398,0
166,1,4111,413,2,2
166,2,3965,409,0,4
167,0,11844,1016,398,0
167,1,4111,413,2,2
167,2,3912,394,0,8
168,0,11844,1016,398,0
168,1,4040,406,2,3
168,2,3861,392,0,7
169,0,11844,1016,398,0
169,1,4111,413,2,2
169,2,4096,410,0,5
170,0,11844,1016,398,0
170,1,4111,413,2,2
170,2,4096,410,0,5
171,0,11844,1016,398,0
171,1,4111,413,2,2
171,2,4018,410,0,4
172,0,11844,1016,398,0
172,1,4015,402,2,3
172,2,3859,388,0,5
173,0,11844,1016,398,0
173,1,4108,412,2,3
173,2,4102,408,0,5
174,0,11844,1016,398,0
174,1,4111,413,2,2
174,2,3930,397,0,6
175,0,11844,1016,398,0
175,1,3918,397,2,3
175,2,3315,351,0,15
176,0,11844,1016,398,0
176,1,3917,405,2,3
176,2,3915,403,0,5
177,0,11844,1016,398,0
177,1,4111,413,2,2
177,2,4096,410,0,5
178,0,11844,1016,398,0
178,1,4080,408,2,3
178,2,3679,0,0,13
179,0,11844,1016,398,0
179,1,4111,413,2,2
179,2,4102,406,0,6
180,0,11844,1016,398,0
180,1,4028,407,2,3
180,2,108,0,0,226
181,0,11844,1016,398,0
181,1,4026,403,2,3
181,2,3864,389,1,10
182,0,11844,1016,398,0
182,1,4065,412,2,2
182,2,3986,405,0,5
183,0,11844,1016,398,0
183,1,4038,409,2,2
183,2,4026,404,0,6
184,0,11844,1016,398,0
184,1,4035,407,2,3
184,2,3925,400,1,7
185,0,11844,1016,398,0
185,1,3928,404,3,3
185,2,3541,377,0,9
186,0,11844,1016,398,0
186,1,3966,408,7,3
186,2,3691,397,4,10
186,3,3419,365,0,25
187,0,11844,1016,398,0
187,1,4111,413,2,2
187,2,4071,404,0,5
188,0,11844,1016,398,0
188,1,3948,411,5,3
188,2,3436,369,1,20
189,0,11844,1016,398,0
189,1,4056,406,2,3
189,2,3731,372,0,8
190,0,11844,1016,398,0
190,1,4014,401,2,3
190,2,117,0,0,220
191,0,11844,1016,398,0
191,1,3924,407,2,2
191,2,3922,405,0,4
192,0,11844,1016,398,0
192,1,4111,413,2,2
192,2,4043,403,0,6
193,0,11844,1016,398,0
193,1,3936,405,3,3
193,2,3823,390,0,6
194,0,11844,1016,398,0
194,1,4023,405,3,3
194,2,104,0,0,231
195,0,11844,1016,398,0
195,1,4111,413,2,2
195,2,4061,406,0,5
196,0,11844,1016,398,0
196,1,4111,413,2,2
196,2,3813,391,0,8
197,0,11844,1016,398,0
197,1,4014,401,2,3
197,2,4012,400,0,5
198,0,11844,1016,398,0
198,1,4011,404,2,3
198,2,3997,400,0,7
199,0,11844,1016,398,0
199,1,4111,413,2,2
199,2,4095,411,0,4
200,0,11844,1016,398,0
200,1,4111,413,2,2
200,2,3505,367,0,14
201,0,11844,1016,398,0
201,1,4036,410,2,2
201,2,3908,399,0,5
202,0,11844,1016,398,0
202,1,4054,404,3,3
202,2,3878,396,0,6
203,0,11844,1016,398,0
203,1,4054,407,2,3
203,2,118,0,0,223
204,0,11844,1016,398,0
204,1,4021,402,2,3
204,2,4013,397,0,6
205,0,11844,1016,398,0
205,1,4111,413,2,2
205,2,3539,375,0,15
206,0,11844,1016,398,0
206,1,4001,408,2,3
206,2,103,0,0,227
207,0,11844,1016,398,0
207,1,4015,401,2,3
207,2,4012,399,0,5
208,0,11844,1016,398,0
208,1,4111,413,2,2
208,2,3851,394,0,7
209,0,11844,1016,398,0
209,1,4098,412,2,3
209,2,3876,390,0,7
210,0,11844,1016,398,0
210,1,4085,408,2,3
210,2,4022,403,0,6
211,0,11844,1016,398,0
211,1,4089,406,2,3
211,2,3966,395,0,7
212,0,11844,1016,398,0
212,1,4111,413,2,2
212,2,4096,410,0,5
213,0,11844,1016,398,0
213,1,3871,402,2,3
213,2,102,0,0,226
214,0,11844,1016,398,0
214,1,4094,408,2,3
214,2,4080,0,1,7
215,0,11844,1016,398,0
215,1,4111,413,2,2
215,2,4102,409,0,4
216,0,11844,1016,398,0
216,1,3959,407,3,3
216,2,3641,376,0,9
217,0,11844,1016,398,0
217,1,4111,413,2,2
217,2,4109,411,0,4
218,0,11844,1016,398,0
218,1,4111,413,2,2
218,2,4096,407,0,4
219,0,11844,1016,398,0
219,1,4002,401,2,3
219,2,3727,389,0,7
220,0,11844,1016,398,0
220,1,3871,402,2,3
220,2,3776,389,1,5
221,0,11844,1016,398,0
221,1,4107,411,2,3
221,2,3712,377,0,11
222,0,11844,1016,398,0
222,1,4111,413,2,2
222,2,3992,397,0,5
223,0,11844,1016,398,0
223,1,4050,411,4,2
223,2,3734,379,0,6
224,0,11844,1016,398,0
224,1,3924,407,3,2
224,2,3388,374,0,8
225,0,11844,1016,398,0
225,1,4111,413,2,2
225,2,4096,410,0,5
226,0,11844,1016,398,0
226,1,4017,406,2,3
226,2,3829,393,0,7
227,0,11844,1016,398,0
227,1,4038,409,2,2
227,2,3962,396,0,6
228,0,11844,1016,398,0
228,1,4111,413,2,2
228,2,4057,407,0,5
229,0,11844,1016,398,0
229,1,3924,407,2,2
229,2,3703,374,0,8
230,0,11844,1016,398,0
230,1,4089,406,2,3
230,2,4084,403,0,6
231,0,11844,1016,398,0
231,1,4111,413,2,2
231,2,3813,391,0,8
232,0,11844,1016,398,0
232,1,4073,410,2,3
232,2,4067,403,0,6
233,0,11844,1016,398,0
233,1,3905,402,2,3
233,2,114,0,0,221
234,0,11844,1016,398,0
234,1,4027,406,3,3
234,2,118,0,0,217
235,0,11844,1016,398,0
235,1,3919,404,2,3
235,2,3814,402,0,5
236,0,11844,1016,398,0
236,1,4050,411,4,2
236,2,3832,376,0,14
237,0,11844,1016,398,0
237,1,4091,410,3,2
237,2,130,0,0,208
238,0,11844,1016,398,0
238,1,4038,408,3,2
238,2,4033,403,0,4
239,0,11844,1016,398,0
239,1,3819,403,2,3
239,2,3669,381,0,6
240,0,11844,1016,398,0
240,1,4040,406,2,3
240,2,3476,373,0,8
241,0,11844,1016,398,0
241,1,4111,413,2,2
241,2,4109,411,0,4
242,0,11844,1016,398,0
242,1,4111,413,2,2
242,2,3560,381,0,16
243,0,11844,1016,398,0
243,1,3789,397,3,3
243,2,81,0,0,235
244,0,11844,1016,398,0
244,1,4111,413,2,2
244,2,4080,404,0,9
245,0,11844,1016,398,0
245,1,4111,413,2,2
245,2,3735,382,0,9
246,0,11844,1016,398,0
246,1,4111,413,2,2
246,2,4084,403,0,8
247,0,11844,1016,398,0
247,1,4111,413,2,2
247,2,4064,406,0,4
248,0,11844,1016,398,0
248,1,4111,413,2,2
248,2,3912,394,0,8
249,0,11844,1016,398,0
249,1,3922,405,2,3
249,2,3787,395,0,5
250,0,11844,1016,398,0
250,1,4111,413,2,2
250,2,4096,410,0,5
251,0,11844,1016,398,0
251,1,4044,407,2,3
251,2,97,0,0,231
252,0,11844,1016,398,0
252,1,4029,403,2,3
252,2,3606,370,0,9
253,0,11844,1016,398,0
253,1,3944,406,2,3
253,2,3885,399,0,5
254,0,11844,1016,398,0
254,1,4026,403,2,3
254,2,112,0,0,222
255,0,11844,1016,398,0
255,1,4090,410,2,3
255,2,3951,378,0,7
256,0,11844,1016,398,0
256,1,3917,405,2,3
256,2,96,0,0,229
257,0,11844,1016,398,0
257,1,4001,408,2,3
257,2,3819,392,0,6
258,0,11844,1016,398,0
258,1,4002,401,2,3
258,2,97,0,0,223
259,0,11844,1016,398,0
259,1,4100,407,2,3
259,2,3773,384,0,8
260,0,11844,1016,398,0
260,1,3994,406,6,3
260,2,3565,368,0,7
261,0,11844,1016,398,0
261,1,4102,412,3,2
261,2,4071,398,0,7
262,0,11844,1016,398,0
262,1,3966,408,7,3
262,2,114,0,0,218
263,0,11844,1016,398,0
263,1,3888,404,2,3
263,2,3748,394,1,6
264,0,11844,1016,398,0
264,1,4111,413,2,2
264,2,4096,410,0,5
265,0,11844,1016,398,0
265,1,4021,406,4,3
265,2,3524,362,0,15
266,0,11844,1016,398,0
266,1,4066,408,4,2
266,2,3969,393,0,4
267,0,11844,1016,398,0
267,1,3966,408,7,3
267,2,123,0,0,208
268,0,11844,1016,398,0
268,1,4107,411,4,2
268,2,4075,401,0,9
269,0,11844,1016,398,0
269,1,4111,413,2,2
269,2,4078,411,0,4
270,0,11844,1016,398,0
270,1,4111,413,2,2
270,2,4096,410,0,5
271,0,11844,1016,398,0
271,1,4035,407,2,3
271,2,3557,386,0,16
272,0,11844,1016,398,0
272,1,4111,413,2,2
272,2,3594,382,0,10
273,0,11844,1016,398,0
273,1,4089,406,2,3
273,2,4004,397,0,7
274,0,11844,1016,398,0
274,1,4111,413,2,2
274,2,4061,404,0,5
275,0,11844,1016,398,0
275,1,4111,413,2,2
275,2,4096,410,0,5
276,0,11844,1016,398,0
276,1,4111,413,2,2
276,2,3642,386,0,7
277,0,11844,1016,398,0
277,1,4046,408,2,3
277,2,117,0,0,220
278,0,11844,1016,398,0
278,1,4111,413,2,2
278,2,3974,404,0,6
279,0,11844,1016,398,0
279,1,4022,404,2,3
279,2,3729,389,0,9
280,0,11844,1016,398,0
280,1,3995,403,2,3
280,2,3901,394,0,7
281,0,11844,1016,398,0
281,1,4111,413,2,2
281,2,4098,405,0,5
282,0,11844,1016,398,0
282,1,4111,413,2,2
282,2,3886,402,0,5
283,0,11844,1016,398,0
283,1,4111,413,2,2
283,2,4096,410,0,5
284,0,11844,1016,398,0
284,1,3896,393,2,3
284,2,3894,391,0,5
285,0,11844,1016,398,0
285,1,4107,411,4,2
285,2,3960,405,0,4
286,0,11844,1016,398,0
286,1,4111,413,2,2
286,2,3732,385,0,6
287,0,11844,1016,398,0
287,1,4034,404,5,2
287,2,3918,394,0,4
288,0,11844,1016,398,0
288,1,4035,406,2,3
288,2,3807,398,0,6
289,0,11844,1016,398,0
289,1,4111,413,2,2
289,2,4096,410,0,5
290,0,11844,1016,398,0
290,1,4111,413,2,2
290,2,3539,382,0,19
291,0,11844,1016,398,0
291,1,4111,413,2,2
291,2,4084,403,0,8
292,0,11844,1016,398,0
292,1,4054,407,2,3
292,2,113,0,0,224
293,0,11844,1016,398,0
293,1,4100,407,2,3
293,2,2951,346,0,23
294,0,11844,1016,398,0
294,1,4049,404,2,3
294,2,3866,371,1,8
295,0,11844,1016,398,0
295,1,4046,404,2,3
295,2,3976,393,0,6
296,0,11844,1016,398,0
296,1,4111,413,2,2
296,2,3950,400,0,5
297,0,11844,1016,398,0
297,1,3996,411,4,2
297,2,3892,401,0,5
298,0,11844,1016,398,0
298,1,4111,413,2,2
298,2,4033,405,0,6
299,0,11844,1016,398,0
299,1,4111,413,2,2
299,2,4092,408,0,4
300,0,11844,1016,398,0
300,1,3996,411,4,2
300,2,3776,390,0,6
301,0,11844,1016,398,0
301,1,4111,413,2,2
301,2,4056,402,0,5
302,0,11844,1016,398,0
302,1,4092,411,3,3
302,2,4082,406,2,7
302,3,3829,389,0,10
303,0,11844,1016,398,0
303,1,3955,397,2,3
303,2,3942,392,0,7
304,0,11844,1016,398,0
304,1,4001,396,2,3
304,2,107,0,0,221
305,0,11844,1016,398,0
305,1,4111,413,2,2
305,2,3920,401,0,6
306,0,11844,1016,398,0
306,1,4111,412,2,2
306,2,3890,397,0,6
307,0,11844,1016,398,0
307,1,4109,413,3,2
307,2,90,0,0,231
308,0,11844,1016,398,0
308,1,4111,413,2,2
308,2,3854,390,0,6
309,0,11844,1016,398,0
309,1,4063,408,2,3
309,2,100,0,0,228
310,0,11844,1016,398,0
310,1,4111,413,2,2
310,2,4109,411,0,4
311,0,11844,1016,398,0
311,1,4036,410,2,2
311,2,3034,349,0,22
312,0,11844,1016,398,0
312,1,4096,412,2,2
312,2,3980,391,0,7
313,0,11844,1016,398,0
313,1,4063,406,2,3
313,2,3909,388,0,6
314,0,11844,1016,398,0
314,1,4111,413,2,2
314,2,4056,404,0,5
315,0,11844,1016,398,0
315,1,4056,406,2,3
315,2,4054,404,0,5
316,0,11844,1016,398,0
316,1,4100,407,2,3
316,2,3859,388,1,11
317,0,11844,1016,398,0
317,1,4045,403,2,3
317,2,4039,400,0,6
318,0,11844,1016,398,0
318,1,4011,404,2,3
318,2,3990,391,0,7
319,0,11844,1016,398,0
319,1,4104,411,3,2
319,2,3704,378,1,12
320,0,11844,1016,398,0
320,1,4107,409,2,3
320,2,3846,383,0,10
321,0,11844,1016,398,0
321,1,4011,404,2,3
321,2,104,0,0,228
322,0,11844,1016,398,0
322,1,4107,411,4,2
322,2,3853,396,2,5
322,3,3807,383,0,8
323,0,11844,1016,398,0
323,1,4111,413,2,2
323,2,3957,386,0,7
324,0,11844,1016,398,0
324,1,3928,404,3,3
324,2,105,0,0,223
325,0,11844,1016,398,0
325,1,4111,413,2,2
325,2,4054,404,0,5
326,0,11844,1016,398,0
326,1,3912,397,3,3
326,2,3910,395,0,5
327,0,11844,1016,398,0
327,1,4111,413,2,2
327,2,4096,410,0,5
328,0,11844,1016,398,0
328,1,4049,404,2,3
328,2,4041,400,0,5
329,0,11844,1016,398,0
329,1,4005,406,2,3
329,2,3707,385,0,6
330,0,11844,1016,398,0
330,1,4111,413,2,2
330,2,3780,374,0,9
331,0,11844,1016,398,0
331,1,4078,407,2,3
331,2,3786,383,0,8
332,0,11844,1016,398,0
332,1,3905,402,2,3
332,2,3776,376,0,8
333,0,11844,1016,398,0
333,1,4063,406,2,3
333,2,3315,0,0,15
334,0,11844,1016,398,0
334,1,4111,413,3,2
334,2,3725,387,0,8
335,0,11844,1016,398,0
335,1,4111,413,2,2
335,2,4106,410,0,5
336,0,11844,1016,398,0
336,1,4111,413,2,2
336,2,3922,405,0,4
337,0,11844,1016,398,0
337,1,4111,413,2,2
337,2,3745,396,0,7
338,0,11844,1016,398,0
338,1,4014,401,2,3
338,2,102,0,0,227
339,0,11844,1016,398,0
339,1,3959,407,3,3
339,2,106,0,0,226
340,0,11844,1016,398,0
340,1,4111,413,2,2
340,2,3930,397,0,6
341,0,11844,1016,398,0
341,1,4111,413,2,2
341,2,4109,411,0,4
342,0,11844,1016,398,0
342,1,4111,413,2,2
342,2,4106,410,0,5
343,0,11844,1016,398,0
343,1,4072,411,6,2
343,2,3989,396,2,7
343,3,3704,378,1,12
344,0,11844,1016,398,0
344,1,4021,406,4,3
344,2,109,0,0,225
345,0,11844,1016,398,0
345,1,4090,407,2,3
345,2,3873,0,1,12
346,0,11844,1016,398,0
346,1,4111,413,2,2
346,2,4109,411,0,4
347,0,11844,1016,398,0
347,1,3944,406,2,3
347,2,102,0,0,226
348,0,11844,1016,398,0
348,1,4111,413,2,2
348,2,4096,410,0,5
349,0,11844,1016,398,0
349,1,4093,410,3,3
349,2,4002,398,0,5
350,0,11844,1016,398,0
350,1,4111,413,2,2
350,2,4071,400,0,6
351,0,11844,1016,398,0
351,1,3917,405,2,3
351,2,3915,403,0,5
352,0,11844,1016,398,0
352,1,4111,413,2,2
352,2,3878,389,0,6
353,0,11844,1016,398,0
353,1,4029,403,2,3
353,2,3821,388,0,6
354,0,11844,1016,398,0
354,1,4040,411,2,2
354,2,3392,383,0,10
355,0,11844,1016,398,0
355,1,4111,413,2,2
355,2,3938,395,0,6
356,0,11844,1016,398,0
356,1,3924,406,3,2
356,2,3922,404,0,4
357,0,11844,1016,398,0
357,1,4111,413,2,2
357,2,3917,399,0,6
358,0,11844,1016,398,0
358,1,4111,413,2,2
358,2,4094,410,0,4
359,0,11844,1016,398,0
359,1,4089,406,2,3
359,2,3966,395,0,7
360,0,11844,1016,398,0
360,1,4080,408,2,3
360,2,3733,384,0,9
361,0,11844,1016,398,0
361,1,4111,413,2,2
361,2,4026,405,0,5
362,0,11844,1016,398,0
362,1,4065,406,2,3
362,2,3988,400,1,6
363,0,11844,1016,398,0
363,1,3900,404,3,3
363,2,3502,383,0,8
364,0,11844,1016,398,0
364,1,3996,411,4,2
364,2,3931,400,1,4
365,0,11844,1016,398,0
365,1,4020,412,2,2
365,2,3388,374,0,8
366,0,11844,1016,398,0
366,1,4111,413,2,2
366,2,4102,406,0,6
367,0,11844,1016,398,0
367,1,4111,413,2,2
367,2,4096,410,0,5
368,0,11844,1016,398,0
368,1,4111,413,3,2
368,2,4105,407,0,5
369,0,11844,1016,398,0
369,1,4111,413,2,2
369,2,3637,383,0,13
370,0,11844,1016,398,0
370,1,3871,402,2,3
370,2,3286,356,0,17
371,0,11844,1016,398,0
371,1,4111,413,3,2
371,2,3922,405,0,4
372,0,11844,1016,398,0
372,1,4111,413,2,2
372,2,3695,378,0,7
373,0,11844,1016,398,0
373,1,4111,413,2,2
373,2,4096,410,0,5
374,0,11844,1016,398,0
374,1,4049,404,2,3
374,2,3866,371,1,8
375,0,11844,1016,398,0
375,1,4111,413,2,2
375,2,3551,374,0,9
376,0,11844,1016,398,0
376,1,4001,408,2,3
376,2,3895,396,0,7
377,0,11844,1016,398,0
377,1,4108,412,2,3
377,2,4087,408,1,6
378,0,11844,1016,398,0
378,1,4044,407,2,3
378,2,99,0,0,229
379,0,11844,1016,398,0
379,1,4011,404,2,3
379,2,3527,381,0,8
380,0,11844,1016,398,0
380,1,4111,413,2,2
380,2,4105,407,0,5
381,0,11844,1016,398,0
381,1,3883,400,2,3
381,2,116,0,0,219
382,0,11844,1016,398,0
382,1,4058,406,2,3
382,2,119,0,0,216
383,0,11844,1016,398,0
383,1,4084,405,2,3
383,2,3404,356,0,11
384,0,11844,1016,398,0
384,1,3957,399,2,3
384,2,98,0,0,230
385,0,11844,1016,398,0
385,1,3949,404,9,3
385,2,3639,385,2,11
385,3,93,0,0,232
386,0,11844,1016,398,0
386,1,3952,407,2,3
386,2,3945,404,0,6
387,0,11844,1016,398,0
387,1,3789,397,3,3
387,2,3783,394,0,6
388,0,11844,1016,398,0
388,1,4111,413,2,2
388,2,4046,405,0,5
389,0,11844,1016,398,0
389,1,4106,411,2,2
389,2,4016,400,0,7
390,0,11844,1016,398,0
390,1,3924,407,2,2
390,2,3922,405,0,4
391,0,11844,1016,398,0
391,1,4011,404,2,3
391,2,3706,380,0,6
392,0,11844,1016,398,0
392,1,3891,393,2,3
392,2,111,0,0,220
393,0,11844,1016,398,0
393,1,4111,413,2,2
393,2,4036,407,0,4
394,0,11844,1016,398,0
394,1,4062,408,3,3
394,2,110,0,0,214
395,0,11844,1016,398,0
395,1,3913,402,2,3
395,2,3746,381,0,6
396,0,11844,1016,398,0
396,1,4111,413,2,2
396,2,4096,410,0,5
397,0,11844,1016,398,0
397,1,4013,397,2,3
397,2,3561,0,0,7
398,0,11844,1016,398,0
398,1,4111,413,2,2
398,2,4104,408,0,4
399,0,11844,1016,398,0
399,1,4102,412,3,2
399,2,4092,404,0,4
400,0,11844,1016,398,0
400,1,4111,413,2,2
400,2,4096,410,0,5
401,0,11844,1016,398,0
401,1,4110,412,2,2
401,2,4083,403,1,6
402,0,11844,1016,398,0
402,1,4111,413,2,2
402,2,4102,406,0,6
403,0,11844,1016,398,0
403,1,4111,413,2,2
403,2,4054,404,0,5
404,0,11844,1016,398,0
404,1,4111,413,2,2
404,2,3716,385,0,8
405,0,11844,1016,398,0
405,1,4111,413,2,2
405,2,3281,356,0,10
406,0,11844,1016,398,0
406,1,3924,407,3,2
406,2,3704,378,0,13
407,0,11844,1016,398,0
407,1,3957,399,2,3
407,2,3289,364,0,23
408,0,11844,1016,398,0
408,1,4111,413,2,2
408,2,4096,410,0,5
409,0,11844,1016,398,0
409,1,4111,413,2,2
409,2,3695,378,0,7
410,0,11844,1016,398,0
410,1,4111,413,2,2
410,2,4081,401,0,7
411,0,11844,1016,398,0
411,1,4111,413,2,2
411,2,4105,408,0,4
412,0,11844,1016,398,0
412,1,4111,413,2,2
412,2,4096,410,0,5
413,0,11844,1016,398,0
413,1,4063,406,2,3
413,2,4022,398,0,10
414,0,11844,1016,398,0
414,1,4008,399,3,3
414,2,3311,363,0,9
415,0,11844,1016,398,0
415,1,4111,413,2,2
415,2,4096,410,0,5
416,0,11844,1016,398,0
416,1,4080,403,2,3
416,2,3974,387,1,6
417,0,11844,1016,398,0
417,1,4049,404,2,3
417,2,99,0,0,228
418,0,11844,1016,398,0
418,1,4038,409,2,2
418,2,4026,404,0,6
419,0,11844,1016,398,0
419,1,4026,403,2,3
419,2,3880,397,0,7
420,0,11844,1016,398,0
420,1,4046,407,3,3
420,2,3498,370,1,16
421,0,11844,1016,398,0
421,1,4111,413,2,2
421,2,3536,380,0,21
422,0,11844,1016,398,0
422,1,4111,413,2,2
422,2,4105,408,0,4
423,0,11844,1016,398,0
423,1,3994,399,2,3
423,2,3696,376,0,8
424,0,11844,1016,398,0
424,1,3924,407,3,2
424,2,3922,405,0,4
425,0,11844,1016,398,0
425,1,4111,413,2,2
425,2,4070,406,0,4
426,0,11844,1016,398,0
426,1,4026,403,3,3
426,2,112,0,0,222
427,0,11844,1016,398,0
427,1,4111,413,2,2
427,2,4033,405,0,6
428,0,11844,1016,398,0
428,1,3924,407,2,2
428,2,3315,357,0,13
429,0,11844,1016,398,0
429,1,4023,405,3,3
429,2,99,0,0,225
430,0,11844,1016,398,0
430,1,3918,402,3,3
430,2,3669,393,0,8
431,0,11844,1016,398,0
431,1,4111,413,2,2
431,2,4071,408,0,5
432,0,11844,1016,398,0
432,1,4073,410,2,3
432,2,3683,385,0,9
433,0,11844,1016,398,0
433,1,4080,403,2,3
433,2,3623,361,1,17
434,0,11844,1016,398,0
434,1,4094,408,2,3
434,2,3758,382,0,6
435,0,11844,1016,398,0
435,1,4111,413,2,2
435,2,4096,410,0,5
436,0,11844,1016,398,0
436,1,4040,406,2,3
436,2,97,0,0,233
437,0,11844,1016,398,0
437,1,3950,406,7,2
437,2,113,0,0,222
438,0,11844,1016,398,0
438,1,4058,404,2,3
438,2,108,0,0,219
439,0,11844,1016,398,0
439,1,4046,408,2,3
439,2,106,0,0,228
440,0,11844,1016,398,0
440,1,4060,408,2,3
440,2,3332,356,0,10
441,0,11844,1016,398,0
441,1,3965,409,4,2
441,2,3883,400,0,5
442,0,11844,1016,398,0
442,1,3988,407,4,2
442,2,3715,382,0,7
443,0,11844,1016,398,0
443,1,4111,413,2,2
443,2,4078,406,0,5
444,0,11844,1016,398,0
444,1,3944,406,2,3
444,2,3827,387,0,6
445,0,11844,1016,398,0
445,1,4040,411,2,2
445,2,3718,387,0,7
446,0,11844,1016,398,0
446,1,4045,403,2,3
446,2,106,0,0,228
447,0,11844,1016,398,0
447,1,4111,413,2,2
447,2,4096,410,0,5
448,0,11844,1016,398,0
448,1,4080,413,2,2
448,2,3931,380,0,9
449,0,11844,1016,398,0
449,1,3917,405,2,3
449,2,3915,403,0,5
450,0,11844,1016,398,0
450,1,4092,411,3,3
450,2,4082,406,2,7
450,3,104,0,0,222
451,0,11844,1016,398,0
451,1,4111,413,2,2
451,2,3780,374,0,9
452,0,11844,1016,398,0
452,1,4111,413,2,2
452,2,3947,405,0,5
453,0,11844,1016,398,0
453,1,4063,406,2,3
453,2,110,0,0,227
454,0,11844,1016,398,0
454,1,4111,413,2,2
454,2,4102,409,0,4
455,0,11844,1016,398,0
455,1,4063,406,2,3
455,2,3909,388,0,6
456,0,11844,1016,398,0
456,1,4108,409,2,3
456,2,3960,405,0,5
457,0,11844,1016,398,0
457,1,4111,413,2,2
457,2,4046,405,0,5
458,0,11844,1016,398,0
458,1,3912,397,3,3
458,2,93,0,0,231
459,0,11844,1016,398,0
459,1,4022,404,2,3
459,2,4009,398,0,7
460,0,11844,1016,398,0
460,1,4002,401,2,3
460,2,3727,389,0,7
461,0,11844,1016,398,0
461,1,4011,405,2,3
461,2,3460,362,0,20
462,0,11844,1016,398,0
462,1,4054,407,2,3
462,2,98,0,0,221
463,0,11844,1016,398,0
463,1,4028,403,2,3
463,2,4002,393,0,5
464,0,11844,1016,398,0
464,1,3924,406,3,2
464,2,3709,388,0,6
465,0,11844,1016,398,0
465,1,4111,413,2,2
465,2,3896,397,0,6
466,0,11844,1016,398,0
466,1,4111,413,2,2
466,2,3902,393,0,7
467,0,11844,1016,398,0
467,1,4111,413,2,2
467,2,4096,410,0,5
468,0,11844,1016,398,0
468,1,4063,406,2,3
468,2,115,0,0,225
469,0,11844,1016,398,0
469,1,4111,413,2,2
469,2,3716,385,0,8
470,0,11844,1016,398,0
470,1,3768,402,2,3
470,2,3653,389,0,7
471,0,11844,1016,398,0
471,1,3982,397,2,3
471,2,3579,0,0,7
472,0,11844,1016,398,0
472,1,3924,407,2,2
472,2,3919,404,0,5
473,0,11844,1016,398,0
473,1,3846,405,3,3
473,2,96,0,0,224
474,0,11844,1016,398,0
474,1,4038,409,2,2
474,2,3831,383,0,6
475,0,11844,1016,398,0
475,1,4111,413,2,2
475,2,4063,408,0,6
476,0,11844,1016,398,0
476,1,4111,413,2,2
476,2,4036,406,0,4
477,0,11844,1016,398,0
477,1,4111,413,2,2
477,2,3459,373,0,9
478,0,11844,1016,398,0
478,1,4111,413,2,2
478,2,4028,402,0,5
479,0,11844,1016,398,0
479,1,4015,412,6,2
479,2,3511,373,0,27
480,0,11844,1016,398,0
480,1,4111,413,2,2
480,2,4096,410,0,5
481,0,11844,1016,398,0
481,1,3966,408,7,3
481,2,113,0,0,220
482,0,11844,1016,398,0
482,1,4017,406,2,3
482,2,3974,398,0,6
483,0,11844,1016,398,0
483,1,4111,413,2,2
483,2,4036,407,0,4
484,0,11844,1016,398,0
484,1,4058,406,2,3
484,2,4023,397,0,8
485,0,11844,1016,398,0
485,1,4058,404,2,3
485,2,3493,369,0,17
486,0,11844,1016,398,0
486,1,4035,406,2,3
486,2,3752,390,0,7
487,0,11844,1016,398,0
487,1,3918,402,3,3
487,2,3916,400,0,5
488,0,11844,1016,398,0
488,1,4058,406,2,3
488,2,95,0,0,232
489,0,11844,1016,398,0
489,1,3891,393,2,3
489,2,3889,391,0,5
490,0,11844,1016,398,0
490,1,3884,395,3,3
490,2,3877,390,0,6
491,0,11844,1016,398,0
491,1,4111,413,2,2
491,2,4096,410,0,5
492,0,11844,1016,398,0
492,1,4049,404,2,3
492,2,124,0,0,213
493,0,11844,1016,398,0
493,1,4023,405,3,3
493,2,3987,393,0,9
494,0,11844,1016,398,0
494,1,4111,413,2,2
494,2,3806,397,0,8
495,0,11844,1016,398,0
495,1,4111,413,2,2
495,2,3993,404,0,5
496,0,11844,1016,398,0
496,1,4058,404,2,3
496,2,138,0,0,203
497,0,11844,1016,398,0
497,1,4090,410,2,3
497,2,108,0,0,223
498,0,11844,1016,398,0
498,1,4107,410,2,2
498,2,4086,405,0,7
499,0,11844,1016,398,0
499,1,4111,413,2,2
499,2,4096,410,0,5
500,0,11844,1016,398,0
500,1,4111,413,2,2
500,2,4096,410,0,5
501,0,11844,1016,398,0
501,1,4111,413,2,2
501,2,4096,410,0,5
502,0,11844,1016,398,0
502,1,3959,407,3,3
502,2,98,0,0,229
503,0,11844,1016,398,0
503,1,4072,408,5,2
503,2,4065,405,1,5
504,0,11844,1016,398,0
504,1,4111,413,2,2
504,2,4010,393,0,7
505,0,11844,1016,398,0
505,1,4111,413,2,2
505,2,4096,410,0,5
506,0,11844,1016,398,0
506,1,3917,405,2,3
506,2,101,0,0,221
507,0,11844,1016,398,0
507,1,4007,404,2,3
507,2,109,0,0,224
508,0,11844,1016,398,0
508,1,3859,404,2,3
508,2,3532,376,0,7
509,0,11844,1016,398,0
509,1,4058,404,2,3
509,2,108,0,0,221
510,0,11844,1016,398,0
510,1,4111,413,2,2
510,2,3992,397,0,5
511,0,11844,1016,398,0
511,1,3918,397,2,3
511,2,3867,388,1,5
512,0,11844,1016,398,0
512,1,4020,412,2,2
512,2,3916,405,0,4
513,0,11844,1016,398,0
513,1,3949,404,9,3
513,2,3478,374,0,10
514,0,11844,1016,398,0
514,1,4111,413,2,2
514,2,4014,398,0,7
515,0,11844,1016,398,0
515,1,4111,413,2,2
515,2,4096,410,0,5
516,0,11844,1016,398,0
516,1,4111,413,2,2
516,2,4096,410,0,5
517,0,11844,1016,398,0
517,1,3994,400,2,3
517,2,3976,394,0,5
518,0,11844,1016,398,0
518,1,4045,403,2,3
518,2,93,0,0,235
519,0,11844,1016,398,0
519,1,3992,410,4,2
519,2,3888,400,0,5
520,0,11844,1016,398,0
520,1,4111,413,2,2
520,2,3908,400,0,5
521,0,11844,1016,398,0
521,1,4094,409,3,3
521,2,88,0,0,229
522,0,11844,1016,398,0
522,1,3883,400,2,3
522,2,105,0,0,224
523,0,11844,1016,398,0
523,1,4004,407,2,3
523,2,3340,364,0,23
524,0,11844,1016,398,0
524,1,4100,407,2,3
524,2,3897,392,0,7
525,0,11844,1016,398,0
525,1,4078,409,2,3
525,2,3783,391,0,8
526,0,11844,1016,398,0
526,1,4111,413,2,2
526,2,4105,407,0,5
527,0,11844,1016,398,0
527,1,4111,413,2,2
527,2,4043,398,0,7
528,0,11844,1016,398,0
528,1,4017,406,2,3
528,2,3930,392,0,7
529,0,11844,1016,398,0
529,1,4111,413,2,2
529,2,4096,410,0,5
530,0,11844,1016,398,0
530,1,4111,413,2,2
530,2,3903,400,0,6
531,0,11844,1016,398,0
531,1,3993,393,2,3
531,2,96,0,0,231
532,0,11844,1016,398,0
532,1,4001,396,2,3
532,2,79,0,0,237
533,0,11844,1016,398,0
533,1,4111,413,2,2
533,2,3979,404,0,6
534,0,11844,1016,398,0
534,1,4111,413,2,2
534,2,3930,397,0,6
535,0,11844,1016,398,0
535,1,4046,408,2,3
535,2,100,0,0,227
536,0,11844,1016,398,0
536,1,4107,409,2,3
536,2,4084,404,0,6
537,0,11844,1016,398,0
537,1,4111,413,2,2
537,2,3594,382,0,10
538,0,11844,1016,398,0
538,1,4092,411,3,3
538,2,3879,390,0,9
539,0,11844,1016,398,0
539,1,4111,413,2,2
539,2,3796,389,0,7
540,0,11844,1016,398,0
540,1,4111,413,2,2
540,2,4096,410,0,5
541,0,11844,1016,398,0
541,1,3924,407,3,2
541,2,3851,402,0,5
542,0,11844,1016,398,0
542,1,3953,403,2,3
542,2,3896,398,0,6
543,0,11844,1016,398,0
543,1,4094,409,3,3
543,2,4082,399,0,7
544,0,11844,1016,398,0
544,1,4111,413,2,2
544,2,4096,410,0,5
545,0,11844,1016,398,0
545,1,4111,413,2,2
545,2,4078,411,0,4
546,0,11844,1016,398,0
546,1,3847,407,3,3
546,2,3720,388,0,8
547,0,11844,1016,398,0
547,1,4111,413,2,2
547,2,4063,410,0,4
548,0,11844,1016,398,0
548,1,4111,413,2,2
548,2,3637,383,0,13
549,0,11844,1016,398,0
549,1,4038,408,3,2
549,2,4013,403,0,4
550,0,11844,1016,398,0
550,1,4111,413,2,2
550,2,4078,411,0,4
551,0,11844,1016,398,0
551,1,3994,400,2,3
551,2,3506,358,0,12
552,0,11844,1016,398,0
552,1,4078,407,2,3
552,2,92,0,0,234
553,0,11844,1016,398,0
553,1,3884,395,3,3
553,2,3878,392,0,6
554,0,11844,1016,398,0
554,1,4111,413,2,2
554,2,4108,410,0,4
555,0,11844,1016,398,0
555,1,4040,406,2,3
555,2,125,0,0,211
556,0,11844,1016,398,0
556,1,4094,409,3,3
556,2,4084,400,0,7
557,0,11844,1016,398,0
557,1,4023,405,3,3
557,2,101,0,0,227
558,0,11844,1016,398,0
558,1,4111,413,2,2
558,2,4108,408,0,5
559,0,11844,1016,398,0
559,1,3966,408,7,3
559,2,3888,391,0,8
560,0,11844,1016,398,0
560,1,4106,410,2,2
560,2,4012,395,0,6
561,0,11844,1016,398,0
561,1,4111,413,2,2
561,2,4014,398,0,7
562,0,11844,1016,398,0
562,1,4111,413,2,2
562,2,4096,410,0,5
563,0,11844,1016,398,0
563,1,4111,413,2,2
563,2,4110,411,0,4
564,0,11844,1016,398,0
564,1,3918,397,2,3
564,2,3916,395,0,5
565,0,11844,1016,398,0
565,1,4111,413,2,2
565,2,3870,397,0,7
566,0,11844,1016,398,0
566,1,4111,413,2,2
566,2,3980,395,0,5
567,0,11844,1016,398,0
567,1,4063,408,2,3
567,2,3367,363,0,11
568,0,11844,1016,398,0
568,1,3988,403,3,3
568,2,104,0,0,228
569,0,11844,1016,398,0
569,1,3919,404,2,3
569,2,3917,402,0,5
570,0,11844,1016,398,0
570,1,4015,401,2,3
570,2,4003,395,0,7
571,0,11844,1016,398,0
571,1,3901,401,3,3
571,2,93,0,0,232
572,0,11844,1016,398,0
572,1,4111,413,2,2
572,2,3993,404,0,5
573,0,11844,1016,398,0
573,1,4111,413,2,2
573,2,3730,399,0,6
574,0,11844,1016,398,0
574,1,4111,413,2,2
574,2,4088,408,0,5
575,0,11844,1016,398,0
575,1,4111,413,3,2
575,2,3978,395,0,5
576,0,11844,1016,398,0
576,1,3928,404,3,3
576,2,120,0,0,218
577,0,11844,1016,398,0
577,1,4028,407,2,3
577,2,3880,400,0,5
578,0,11844,1016,398,0
578,1,4111,413,2,2
578,2,3547,373,0,10
579,0,11844,1016,398,0
579,1,4017,406,2,3
579,2,4009,400,0,6
580,0,11844,1016,398,0
580,1,3912,397,3,3
580,2,3144,0,0,20
581,0,11844,1016,398,0
581,1,4046,407,3,3
581,2,110,0,0,226
582,0,11844,1016,398,0
582,1,4111,413,2,2
582,2,3994,409,0,4
583,0,11844,1016,398,0
583,1,4036,409,3,2
583,2,3728,384,0,6
584,0,11844,1016,398,0
584,1,4107,409,2,3
584,2,3571,353,0,12
585,0,11844,1016,398,0
585,1,3982,397,2,3
585,2,100,0,0,226
586,0,11844,1016,398,0
586,1,4111,413,2,2
586,2,3635,379,0,7
587,0,11844,1016,398,0
587,1,3935,406,2,3
587,2,112,0,0,225
588,0,11844,1016,398,0
588,1,3900,404,3,3
588,2,127,0,0,212
589,0,11844,1016,398,0
589,1,4050,411,4,2
589,2,3925,400,2,6
589,3,3921,398,1,8
590,0,11844,1016,398,0
590,1,3976,408,2,3
590,2,91,0,0,235
591,0,11844,1016,398,0
591,1,3900,404,3,3
591,2,100,0,0,226
592,0,11844,1016,398,0
592,1,4111,413,2,2
592,2,4096,410,0,5
593,0,11844,1016,398,0
593,1,4065,412,2,2
593,2,3461,375,0,8
594,0,11844,1016,398,0
594,1,4111,413,2,2
594,2,4036,406,0,4
595,0,11844,1016,398,0
595,1,3955,397,2,3
595,2,3942,392,0,7
596,0,11844,1016,398,0
596,1,3924,407,2,2
596,2,3507,368,0,8
597,0,11844,1016,398,0
597,1,4020,412,2,2
597,2,3925,398,0,4
598,0,11844,1016,398,0
598,1,4111,413,2,2
598,2,3695,378,0,7
599,0,11844,1016,398,0
599,1,4111,413,2,2
599,2,4048,409,0,4
600,0,11844,1016,398,0
600,1,4045,403,2,3
600,2,104,0,0,229
601,0,11844,1016,398,0
601,1,3993,393,2,3
601,2,106,0,0,218
602,0,11844,1016,398,0
602,1,3953,403,2,3
602,2,108,0,0,219
603,0,11844,1016,398,0
603,1,4015,401,2,3
603,2,4014,398,0,5
604,0,11844,1016,398,0
604,1,4085,408,2,3
604,2,95,0,0,227
605,0,11844,1016,398,0
605,1,4098,409,2,2
605,2,4045,403,0,6
606,0,11844,1016,398,0
606,1,4014,401,2,3
606,2,2980,345,1,24
607,0,11844,1016,398,0
607,1,3859,404,2,3
607,2,3751,390,0,6
608,0,11844,1016,398,0
608,1,3924,406,3,2
608,2,3922,404,0,4
609,0,11844,1016,398,0
609,1,4096,412,2,2
609,2,100,0,0,228
610,0,11844,1016,398,0
610,1,3922,405,2,3
610,2,3787,395,0,5
611,0,11844,1016,398,0
611,1,3918,402,3,3
611,2,98,0,0,230
612,0,11844,1016,398,0
612,1,4111,413,2,2
612,2,4094,401,0,6
613,0,11844,1016,398,0
613,1,4111,413,2,2
613,2,3938,395,0,6
614,0,11844,1016,398,0
614,1,4107,410,2,2
614,2,3915,396,0,7
615,0,11844,1016,398,0
615,1,4107,409,2,3
615,2,3913,400,0,5
616,0,11844,1016,398,0
616,1,4111,413,2,2
616,2,4061,404,0,5
617,0,11844,1016,398,0
617,1,4040,411,2,2
617,2,3242,363,0,12
618,0,11844,1016,398,0
618,1,4111,413,2,2
618,2,4010,393,0,7
619,0,11844,1016,398,0
619,1,4111,413,2,2
619,2,4108,408,0,5
620,0,11844,1016,398,0
620,1,3931,400,2,3
620,2,3663,394,0,9
621,0,11844,1016,398,0
621,1,4092,411,3,3
621,2,4025,398,0,7
622,0,11844,1016,398,0
622,1,4111,413,2,2
622,2,3974,404,0,6
623,0,11844,1016,398,0
623,1,4111,413,2,2
623,2,3431,366,0,13
624,0,11844,1016,398,0
624,1,3950,406,7,2
624,2,3913,393,0,9
625,0,11844,1016,398,0
625,1,4111,413,2,2
625,2,4096,410,0,5
626,0,11844,1016,398,0
626,1,4111,413,2,2
626,2,4108,408,0,5
627,0,11844,1016,398,0
627,1,3990,409,7,3
627,2,3870,402,6,5
627,3,101,0,0,226
628,0,11844,1016,398,0
628,1,3955,397,2,3
628,2,91,0,0,232
629,0,11844,1016,398,0
629,1,4111,413,2,2
629,2,4094,410,0,4
630,0,11844,1016,398,0
630,1,4111,413,2,2
630,2,4096,410,0,5
631,0,11844,1016,398,0
631,1,4102,412,3,2
631,2,3905,396,0,6
632,0,11844,1016,398,0
632,1,4024,405,3,3
632,2,4022,396,0,5
633,0,11844,1016,398,0
633,1,4080,413,2,2
633,2,4073,408,0,4
634,0,11844,1016,398,0
634,1,4034,404,5,2
634,2,3798,389,0,5
635,0,11844,1016,398,0
635,1,3935,406,2,3
635,2,3802,394,0,5
636,0,11844,1016,398,0
636,1,4028,403,2,3
636,2,3893,380,0,6
637,0,11844,1016,398,0
637,1,4013,397,2,3
637,2,111,0,0,217
638,0,11844,1016,398,0
638,1,4111,413,2,2
638,2,3696,390,0,12
639,0,11844,1016,398,0
639,1,4011,404,2,3
639,2,3547,359,0,13
640,0,11844,1016,398,0
640,1,4035,400,2,3
640,2,103,0,0,228
641,0,11844,1016,398,0
641,1,3868,401,2,3
641,2,112,0,0,221
642,0,11844,1016,398,0
642,1,4046,407,3,3
642,2,3498,370,1,16
643,0,11844,1016,398,0
643,1,4111,413,2,2
643,2,4096,410,0,5
644,0,11844,1016,398,0
644,1,3883,400,2,3
644,2,3881,398,0,5
645,0,11844,1016,398,0
645,1,4046,408,2,3
645,2,121,0,0,220
646,0,11844,1016,398,0
646,1,4090,410,2,3
646,2,3966,399,0,6
647,0,11844,1016,398,0
647,1,4072,408,5,2
647,2,3533,371,0,9
648,0,11844,1016,398,0
648,1,4111,413,2,2
648,2,3686,381,0,7
649,0,11844,1016,398,0
649,1,4089,406,2,3
649,2,3966,395,0,7
650,0,11844,1016,398,0
650,1,4107,411,4,2
650,2,3850,394,0,8
651,0,11844,1016,398,0
651,1,4073,410,2,3
651,2,101,0,0,229
652,0,11844,1016,398,0
652,1,3884,395,3,3
652,2,3845,381,0,10
653,0,11844,1016,398,0
653,1,4111,413,2,2
653,2,4102,407,0,6
654,0,11844,1016,398,0
654,1,3988,403,3,3
654,2,3891,390,0,6
655,0,11844,1016,398,0
655,1,4110,411,3,2
655,2,3908,392,0,8
656,0,11844,1016,398,0
656,1,4111,413,2,2
656,2,4096,410,0,5
657,0,11844,1016,398,0
657,1,3901,401,3,3
657,2,3819,383,0,7
658,0,11844,1016,398,0
658,1,4078,409,2,3
658,2,3563,370,0,12
659,0,11844,1016,398,0
659,1,4111,413,2,2
659,2,3539,375,0,15
660,0,11844,1016,398,0
660,1,4015,401,2,3
660,2,4003,395,0,7
661,0,11844,1016,398,0
661,1,4111,413,2,2
661,2,3539,375,0,15
662,0,11844,1016,398,0
662,1,4111,413,2,2
662,2,3912,394,0,8
663,0,11844,1016,398,0
663,1,4111,413,2,2
663,2,4110,411,0,4
664,0,11844,1016,398,0
664,1,3871,402,2,3
664,2,95,0,0,232
665,0,11844,1016,398,0
665,1,4111,413,2,2
665,2,3942,404,0,5
666,0,11844,1016,398,0
666,1,4036,410,2,2
666,2,3938,395,0,7
667,0,11844,1016,398,0
667,1,4040,406,2,3
667,2,4019,395,0,7
668,0,11844,1016,398,0
668,1,4022,404,2,3
668,2,109,0,0,225
669,0,11844,1016,398,0
669,1,4023,405,3,3
669,2,112,0,0,215
670,0,11844,1016,398,0
670,1,4112,413,2,2
670,2,4104,408,0,4
671,0,11844,1016,398,0
671,1,4042,404,2,3
671,2,90,0,0,233
672,0,11844,1016,398,0
672,1,4110,411,3,2
672,2,3539,371,0,10
673,0,11844,1016,398,0
673,1,4111,413,2,2
673,2,4102,407,0,6
674,0,11844,1016,398,0
674,1,4111,413,2,2
674,2,4096,410,0,5
675,0,11844,1016,398,0
675,1,4111,413,2,2
675,2,4102,407,0,6
676,0,11844,1016,398,0
676,1,4050,411,4,2
676,2,3763,385,0,6
677,0,11844,1016,398,0
677,1,4035,407,2,3
677,2,3925,400,1,7
678,0,11844,1016,398,0
678,1,4094,410,2,2
678,2,97,0,0,224
679,0,11844,1016,398,0
679,1,4068,409,2,3
679,2,103,0,0,223
680,0,11844,1016,398,0
680,1,3913,404,2,3
680,2,3828,390,0,7
681,0,11844,1016,398,0
681,1,4111,413,2,2
681,2,3876,401,0,5
682,0,11844,1016,398,0
682,1,3868,396,3,3
682,2,3866,394,0,5
683,0,11844,1016,398,0
683,1,4111,413,2,2
683,2,3974,404,0,6
684,0,11844,1016,398,0
684,1,4111,413,2,2
684,2,4053,410,0,4
685,0,11844,1016,398,0
685,1,4011,404,2,3
685,2,3996,399,0,7
686,0,11844,1016,398,0
686,1,4111,413,2,2
686,2,4102,407,0,6
687,0,11844,1016,398,0
687,1,3982,397,2,3
687,2,94,0,0,232
688,0,11844,1016,398,0
688,1,4111,413,2,2
688,2,3547,373,0,10
689,0,11844,1016,398,0
689,1,4111,413,2,2
689,2,4102,406,0,6
690,0,11844,1016,398,0
690,1,3847,407,3,3
690,2,3754,395,0,6
691,0,11844,1016,398,0
691,1,4090,410,2,3
691,2,104,0,0,228
692,0,11844,1016,398,0
692,1,4054,407,2,3
692,2,4020,394,0,10
693,0,11844,1016,398,0
693,1,4096,412,3,2
693,2,4062,399,0,7
694,0,11844,1016,398,0
694,1,3888,404,2,3
694,2,3634,390,0,7
695,0,11844,1016,398,0
695,1,4098,412,2,3
695,2,4007,404,1,6
696,0,11844,1016,398,0
696,1,3907,402,2,3
696,2,3675,375,0,9
697,0,11844,1016,398,0
697,1,3924,407,3,2
697,2,112,0,0,216
698,0,11844,1016,398,0
698,1,3884,395,3,3
698,2,93,0,0,226
699,0,11844,1016,398,0
699,1,4111,413,2,2
699,2,3651,376,0,10
700,0,11844,1016,398,0
700,1,4054,407,2,3
700,2,3800,378,0,7
701,0,11844,1016,398,0
701,1,3936,405,3,3
701,2,3932,402,0,5
702,0,11844,1016,398,0
702,1,4111,413,2,2
702,2,4096,410,0,5
703,0,11844,1016,398,0
703,1,4050,411,4,2
703,2,112,0,0,221
704,0,11844,1016,398,0
704,1,4021,405,2,3
704,2,3696,383,0,7
705,0,11844,1016,398,0
705,1,3871,402,2,3
705,2,3847,395,0,5
706,0,11844,1016,398,0
706,1,4111,413,2,2
706,2,4096,410,0,5
707,0,11844,1016,398,0
707,1,4074,405,2,3
707,2,4042,0,0,9
708,0,11844,1016,398,0
708,1,4092,411,3,3
708,2,3480,373,0,18
709,0,11844,1016,398,0
709,1,4111,413,2,2
709,2,3909,394,0,8
710,0,11844,1016,398,0
710,1,4111,413,2,2
710,2,4096,410,0,5
711,0,11844,1016,398,0
711,1,3966,408,7,3
711,2,3720,397,1,9
712,0,11844,1016,398,0
712,1,4080,408,2,3
712,2,4042,399,0,10
713,0,11844,1016,398,0
713,1,4111,413,2,2
713,2,4027,406,0,5
714,0,11844,1016,398,0
714,1,4111,413,2,2
714,2,4042,402,0,6
715,0,11844,1016,398,0
715,1,4107,410,2,2
715,2,4086,405,0,7
716,0,11844,1016,398,0
716,1,4036,409,3,2
716,2,3121,343,0,19
717,0,11844,1016,398,0
717,1,3901,401,3,3
717,2,111,0,0,219
718,0,11844,1016,398,0
718,1,4049,404,2,3
718,2,4010,388,0,10
719,0,11844,1016,398,0
719,1,4056,406,2,3
719,2,107,0,0,219
720,0,11844,1016,398,0
720,1,4040,406,2,3
720,2,116,0,0,214
721,0,11844,1016,398,0
721,1,4111,413,2,2
721,2,3788,400,0,6
722,0,11844,1016,398,0
722,1,4111,413,2,2
722,2,4061,404,0,5
723,0,11844,1016,398,0
723,1,3789,397,3,3
723,2,2913,349,0,18
724,0,11844,1016,398,0
724,1,3953,403,2,3
724,2,108,0,0,226
725,0,11844,1016,398,0
725,1,4058,404,2,3
725,2,4043,399,0,7
726,0,11844,1016,398,0
726,1,4108,412,2,3
726,2,4087,408,1,6
727,0,11844,1016,398,0
727,1,4046,407,3,3
727,2,94,0,0,229
728,0,11844,1016,398,0
728,1,4111,413,2,2
728,2,4108,411,0,4
729,0,11844,1016,398,0
729,1,4110,410,2,3
729,2,110,0,0,223
730,0,11844,1016,398,0
730,1,3996,411,4,2
730,2,3892,401,0,5
731,0,11844,1016,398,0
731,1,4111,413,2,2
731,2,4096,407,0,4
732,0,11844,1016,398,0
732,1,4107,409,2,3
732,2,3782,389,0,6
733,0,11844,1016,398,0
733,1,4111,413,2,2
733,2,4096,410,0,5
734,0,11844,1016,398,0
734,1,4111,413,2,2
734,2,4096,410,0,5
735,0,11844,1016,398,0
735,1,4036,409,3,2
735,2,4021,402,0,6
736,0,11844,1016,398,0
736,1,4097,413,2,2
736,2,3976,406,0,5
737,0,11844,1016,398,0
737,1,4096,412,3,2
737,2,4086,407,0,4
738,0,11844,1016,398,0
738,1,4038,408,3,2
738,2,3922,382,0,7
739,0,11844,1016,398,0
739,1,4111,413,2,2
739,2,3725,387,0,8
740,0,11844,1016,398,0
740,1,4072,411,6,2
740,2,3693,387,2,5
740,3,3491,355,1,13
741,0,11844,1016,398,0
741,1,3912,397,3,3
741,2,116,0,0,221
742,0,11844,1016,398,0
742,1,4111,413,2,2
742,2,3857,402,0,5
743,0,11844,1016,398,0
743,1,4111,413,2,2
743,2,3985,390,0,6
744,0,11844,1016,398,0
744,1,4111,413,2,2
744,2,4096,410,0,5
745,0,11844,1016,398,0
745,1,4024,398,2,3
745,2,3807,387,0,6
746,0,11844,1016,398,0
746,1,4056,406,2,3
746,2,4023,399,0,5
747,0,11844,1016,398,0
747,1,3986,410,3,3
747,2,93,0,0,234
748,0,11844,1016,398,0
748,1,4111,413,2,2
748,2,3686,381,0,7
749,0,11844,1016,398,0
749,1,4023,405,3,3
749,2,94,0,0,231
750,0,11844,1016,398,0
750,1,4063,408,2,3
750,2,101,0,0,233
751,0,11844,1016,398,0
751,1,4080,403,2,3
751,2,3623,361,1,17
752,0,11844,1016,398,0
752,1,4111,413,2,2
752,2,4056,404,0,5
753,0,11844,1016,398,0
753,1,4080,403,2,3
753,2,4063,395,0,7
754,0,11844,1016,398,0
754,1,4058,404,2,3
754,2,3776,389,0,6
755,0,11844,1016,398,0
755,1,4011,404,2,3
755,2,3818,387,0,7
756,0,11844,1016,398,0
756,1,4111,413,2,2
756,2,4061,406,0,5
757,0,11844,1016,398,0
757,1,4021,402,2,3
757,2,110,0,0,222
758,0,11844,1016,398,0
758,1,4058,406,2,3
758,2,4049,398,0,6
759,0,11844,1016,398,0
759,1,4042,402,4,3
759,2,98,0,0,229
760,0,11844,1016,398,0
760,1,4111,413,2,2
760,2,3837,396,0,7
761,0,11844,1016,398,0
761,1,4111,413,2,2
761,2,3716,385,0,8
762,0,11844,1016,398,0
762,1,4109,411,2,2
762,2,4107,409,0,4
763,0,11844,1016,398,0
763,1,4026,403,3,3
763,2,98,0,0,224
764,0,11844,1016,398,0
764,1,4107,410,2,2
764,2,4039,397,0,6
765,0,11844,1016,398,0
765,1,4056,406,2,3
765,2,4024,400,0,6
766,0,11844,1016,398,0
766,1,4036,410,2,2
766,2,3998,402,0,4
767,0,11844,1016,398,0
767,1,4111,413,2,2
767,2,4091,409,0,4
768,0,11844,1016,398,0
768,1,4111,413,2,2
768,2,4096,410,0,5
769,0,11844,1016,398,0
769,1,4111,413,2,2
769,2,4096,410,0,5
770,0,11844,1016,398,0
770,1,3918,402,3,3
770,2,94,0,0,231
771,0,11844,1016,398,0
771,1,4093,410,3,3
771,2,3926,403,0,7
772,0,11844,1016,398,0
772,1,4111,413,2,2
772,2,4096,410,0,5
773,0,11844,1016,398,0
773,1,4111,413,2,2
773,2,3918,394,0,6
774,0,11844,1016,398,0
774,1,4000,399,2,3
774,2,109,0,0,220
775,0,11844,1016,398,0
775,1,4107,409,2,3
775,2,3903,397,0,6
776,0,11844,1016,398,0
776,1,3846,405,3,3
776,2,3215,367,0,8
777,0,11844,1016,398,0
777,1,4108,412,2,3
777,2,4087,408,1,6
778,0,11844,1016,398,0
778,1,3958,405,3,3
778,2,3777,395,0,6
779,0,11844,1016,398,0
779,1,4111,413,2,2
779,2,4027,406,0,5
780,0,11844,1016,398,0
780,1,4030,401,3,3
780,2,3927,384,1,11
781,0,11844,1016,398,0
781,1,3958,405,3,3
781,2,114,0,0,215
782,0,11844,1016,398,0
782,1,4111,413,2,2
782,2,4096,410,0,5
783,0,11844,1016,398,0
783,1,4111,413,2,2
783,2,4061,404,0,5
784,0,11844,1016,398,0
784,1,4091,410,3,2
784,2,3624,386,0,12
785,0,11844,1016,398,0
785,1,4017,406,2,3
785,2,110,0,0,223
786,0,11844,1016,398,0
786,1,4015,401,2,3
786,2,4014,398,0,5
787,0,11844,1016,398,0
787,1,4111,413,2,2
787,2,4096,410,0,5
788,0,11844,1016,398,0
788,1,4111,413,2,2
788,2,3624,368,0,10
789,0,11844,1016,398,0
789,1,4020,412,2,2
789,2,4000,397,0,6
790,0,11844,1016,398,0
790,1,4084,405,2,3
790,2,107,0,0,222
791,0,11844,1016,398,0
791,1,4112,413,2,2
791,2,111,0,0,226
792,0,11844,1016,398,0
792,1,4111,413,2,2
792,2,3923,398,0,8
793,0,11844,1016,398,0
793,1,3949,404,9,3
793,2,3522,377,0,14
794,0,11844,1016,398,0
794,1,4111,413,2,2
794,2,3903,400,0,5
795,0,11844,1016,398,0
795,1,4001,396,2,3
795,2,84,0,0,232
796,0,11844,1016,398,0
796,1,4111,413,2,2
796,2,4096,410,0,5
797,0,11844,1016,398,0
797,1,4108,409,2,3
797,2,3954,402,1,5
798,0,11844,1016,398,0
798,1,4011,404,2,3
798,2,3997,400,0,7
799,0,11844,1016,398,0
799,1,4111,413,2,2
799,2,4096,410,0,5
800,0,11844,1016,398,0
800,1,4111,413,2,2
800,2,4080,404,0,9
801,0,11844,1016,398,0
801,1,3924,407,2,2
801,2,3497,353,0,15
802,0,11844,1016,398,0
802,1,4111,413,2,2
802,2,4096,410,0,5
803,0,11844,1016,398,0
803,1,4108,412,2,3
803,2,4087,408,1,6
804,0,11844,1016,398,0
804,1,3924,406,3,2
804,2,3822,396,0,6
805,0,11844,1016,398,0
805,1,4111,413,2,2
805,2,4096,410,0,5
806,0,11844,1016,398,0
806,1,4020,412,2,2
806,2,3952,399,0,5
807,0,11844,1016,398,0
807,1,3901,401,3,3
807,2,111,0,0,226
808,0,11844,1016,398,0
808,1,4111,413,2,2
808,2,4096,410,0,5
809,0,11844,1016,398,0
809,1,4040,411,2,2
809,2,3718,387,0,7
810,0,11844,1016,398,0
810,1,3952,407,2,3
810,2,114,0,0,220
811,0,11844,1016,398,0
811,1,4111,413,2,2
811,2,3898,401,0,7
812,0,11844,1016,398,0
812,1,4111,412,2,2
812,2,4049,401,0,6
813,0,11844,1016,398,0
813,1,4111,413,3,2
813,2,4096,410,0,5
814,0,11844,1016,398,0
814,1,4002,401,2,3
814,2,3727,389,0,7
815,0,11844,1016,398,0
815,1,4093,411,2,2
815,2,4024,405,1,4
816,0,11844,1016,398,0
816,1,4046,404,2,3
816,2,3865,385,0,8
817,0,11844,1016,398,0
817,1,3859,404,2,3
817,2,3734,395,0,7
818,0,11844,1016,398,0
818,1,3907,402,2,3
818,2,3785,396,0,5
819,0,11844,1016,398,0
819,1,4111,413,2,2
819,2,4084,403,0,8
820,0,11844,1016,398,0
820,1,3900,404,3,3
820,2,3512,384,0,7
821,0,11844,1016,398,0
821,1,4108,412,2,3
821,2,4053,401,0,6
822,0,11844,1016,398,0
822,1,4092,411,3,3
822,2,3946,401,0,7
823,0,11844,1016,398,0
823,1,4111,413,2,2
823,2,4102,406,0,6
824,0,11844,1016,398,0
824,1,4065,406,2,3
824,2,108,0,0,228
825,0,11844,1016,398,0
825,1,4027,406,3,3
825,2,107,0,0,221
826,0,11844,1016,398,0
826,1,4097,413,2,2
826,2,4038,409,0,4
827,0,11844,1016,398,0
827,1,4111,413,2,2
827,2,3903,400,0,5
828,0,11844,1016,398,0
828,1,4111,413,2,2
828,2,4096,410,0,5
829,0,11844,1016,398,0
829,1,4044,407,2,3
829,2,99,0,0,229
830,0,11844,1016,398,0
830,1,4111,413,2,2
830,2,4096,410,0,5
831,0,11844,1016,398,0
831,1,4111,413,2,2
831,2,4026,405,0,5
832,0,11844,1016,398,0
832,1,4035,407,2,3
832,2,3661,389,0,11
833,0,11844,1016,398,0
833,1,3913,402,2,3
833,2,3888,397,0,5
834,0,11844,1016,398,0
834,1,4035,407,2,3
834,2,98,0,0,229
835,0,11844,1016,398,0
835,1,4111,413,2,2
835,2,4096,410,0,5
836,0,11844,1016,398,0
836,1,4111,413,3,2
836,2,3642,386,0,7
837,0,11844,1016,398,0
837,1,3952,402,2,3
837,2,104,0,0,221
838,0,11844,1016,398,0
838,1,4027,406,3,3
838,2,4021,403,0,5
839,0,11844,1016,398,0
839,1,4001,396,2,3
839,2,3873,382,0,8
840,0,11844,1016,398,0
840,1,4111,413,2,2
840,2,3922,405,0,4
841,0,11844,1016,398,0
841,1,4045,403,2,3
841,2,4039,400,0,6
842,0,11844,1016,398,0
842,1,4111,413,2,2
842,2,4034,408,0,4
843,0,11844,1016,398,0
843,1,4111,413,2,2
843,2,4105,408,0,4
844,0,11844,1016,398,0
844,1,4045,403,2,3
844,2,3949,392,0,7
845,0,11844,1016,398,0
845,1,3918,397,2,3
845,2,113,0,0,221
846,0,11844,1016,398,0
846,1,3994,399,2,3
846,2,121,0,0,218
847,0,11844,1016,398,0
847,1,3952,407,2,3
847,2,3929,397,0,7
848,0,11844,1016,398,0
848,1,3994,406,6,3
848,2,96,0,0,233
849,0,11844,1016,398,0
849,1,4085,408,2,3
849,2,4076,404,0,5
850,0,11844,1016,398,0
850,1,4111,413,2,2
850,2,4038,400,0,5
851,0,11844,1016,398,0
851,1,3846,405,3,3
851,2,3752,395,0,6
852,0,11844,1016,398,0
852,1,4068,409,2,3
852,2,4005,397,0,8
853,0,11844,1016,398,0
853,1,4111,413,2,2
853,2,3957,386,0,7
854,0,11844,1016,398,0
854,1,4111,413,2,2
854,2,4109,410,0,5
855,0,11844,1016,398,0
855,1,4096,412,2,2
855,2,3653,378,0,9
856,0,11844,1016,398,0
856,1,4102,412,3,2
856,2,106,0,0,227
857,0,11844,1016,398,0
857,1,4013,397,2,3
857,2,114,0,0,222
858,0,11844,1016,398,0
858,1,4111,413,2,2
858,2,4088,408,0,5
859,0,11844,1016,398,0
859,1,4097,413,2,2
859,2,3878,397,0,7
860,0,11844,1016,398,0
860,1,4015,401,2,3
860,2,123,0,0,211
861,0,11844,1016,398,0
861,1,4027,406,3,3
861,2,3860,391,0,7
862,0,11844,1016,398,0
862,1,4111,413,2,2
862,2,4096,410,0,5
863,0,11844,1016,398,0
863,1,4111,413,2,2
863,2,4096,410,0,5
864,0,11844,1016,398,0
864,1,4024,405,3,3
864,2,3947,390,1,5
865,0,11844,1016,398,0
865,1,4002,401,2,3
865,2,3877,389,0,8
866,0,11844,1016,398,0
866,1,4015,402,2,3
866,2,103,0,0,224
867,0,11844,1016,398,0
867,1,4111,413,2,2
867,2,3938,395,0,6
868,0,11844,1016,398,0
868,1,4092,411,3,3
868,2,4001,403,0,7
869,0,11844,1016,398,0
869,1,4107,411,4,2
869,2,3940,402,0,5
870,0,11844,1016,398,0
870,1,3918,397,2,3
870,2,3913,396,0,5
871,0,11844,1016,398,0
871,1,4111,413,2,2
871,2,4100,410,0,4
872,0,11844,1016,398,0
872,1,4111,413,2,2
872,2,4096,410,0,5
873,0,11844,1016,398,0
873,1,4111,413,2,2
873,2,3999,406,0,5
874,0,11844,1016,398,0
874,1,3994,400,2,3
874,2,105,0,0,221
875,0,11844,1016,398,0
875,1,3966,408,7,3
875,2,3436,369,1,20
876,0,11844,1016,398,0
876,1,4111,413,2,2
876,2,4094,401,0,6
877,0,11844,1016,398,0
877,1,3982,397,2,3
877,2,94,0,0,231
878,0,11844,1016,398,0
878,1,4107,410,2,2
878,2,4086,405,0,7
879,0,11844,1016,398,0
879,1,4111,413,2,2
879,2,3851,405,0,8
880,0,11844,1016,398,0
880,1,4111,413,2,2
880,2,4096,410,0,5
881,0,11844,1016,398,0
881,1,3859,404,2,3
881,2,3751,390,0,6
882,0,11844,1016,398,0
882,1,4046,408,2,3
882,2,106,0,0,228
883,0,11844,1016,398,0
883,1,4017,406,2,3
883,2,104,0,0,224
884,0,11844,1016,398,0
884,1,4080,413,2,2
884,2,3735,389,0,8
885,0,11844,1016,398,0
885,1,4042,402,4,3
885,2,96,0,0,229
886,0,11844,1016,398,0
886,1,4111,413,2,2
886,2,4006,406,0,5
887,0,11844,1016,398,0
887,1,4111,413,2,2
887,2,4096,407,0,4
888,0,11844,1016,398,0
888,1,4058,406,2,3
888,2,3924,399,0,5
889,0,11844,1016,398,0
889,1,4111,413,2,2
889,2,4100,410,0,4
890,0,11844,1016,398,0
890,1,4111,413,2,2
890,2,4018,410,0,4
891,0,11844,1016,398,0
891,1,4035,407,2,3
891,2,135,0,0,220
892,0,11844,1016,398,0
892,1,4111,413,2,2
892,2,4047,399,0,7
893,0,11844,1016,398,0
893,1,3990,409,7,3
893,2,3794,395,0,6
894,0,11844,1016,398,0
894,1,4111,413,2,2
894,2,4096,410,0,5
895,0,11844,1016,398,0
895,1,4045,403,2,3
895,2,96,0,0,233
896,0,11844,1016,398,0
896,1,4111,413,2,2
896,2,4109,411,0,4
897,0,11844,1016,398,0
897,1,4094,408,2,3
897,2,4041,403,0,7
898,0,11844,1016,398,0
898,1,4038,409,2,2
898,2,3956,396,0,6
899,0,11844,1016,398,0
899,1,3868,401,2,3
899,2,112,0,0,221
900,0,11844,1016,398,0
900,1,4111,413,2,2
900,2,4094,410,0,4
901,0,11844,1016,398,0
901,1,3944,406,2,3
901,2,3341,364,0,18
902,0,11844,1016,398,0
902,1,4035,406,2,3
902,2,3548,379,0,8
903,0,11844,1016,398,0
903,1,4040,406,2,3
903,2,3512,361,0,21
904,0,11844,1016,398,0
904,1,4111,413,2,2
904,2,3701,372,0,9
905,0,11844,1016,398,0
905,1,4111,413,2,2
905,2,4096,410,0,5
906,0,11844,1016,398,0
906,1,4056,406,2,3
906,2,91,0,0,236
907,0,11844,1016,398,0
907,1,4111,413,2,2
907,2,4033,405,0,5
908,0,11844,1016,398,0
908,1,4058,406,2,3
908,2,95,0,0,230
909,0,11844,1016,398,0
909,1,4111,413,2,2
909,2,4084,403,0,8
910,0,11844,1016,398,0
910,1,4091,410,3,2
910,2,4015,402,0,4
911,0,11844,1016,398,0
911,1,4111,413,2,2
911,2,4071,408,0,5
912,0,11844,1016,398,0
912,1,4111,413,2,2
912,2,3878,389,0,6
913,0,11844,1016,398,0
913,1,4035,406,2,3
913,2,3710,383,0,8
914,0,11844,1016,398,0
914,1,4111,413,2,2
914,2,4061,406,0,5
915,0,11844,1016,398,0
915,1,4111,413,2,2
915,2,3870,397,0,7
916,0,11844,1016,398,0
916,1,4111,413,2,2
916,2,4096,410,0,5
917,0,11844,1016,398,0
917,1,4111,413,2,2
917,2,4096,410,0,5
918,0,11844,1016,398,0
918,1,4111,413,2,2
918,2,4110,411,0,4
919,0,11844,1016,398,0
919,1,4093,411,2,2
919,2,3808,393,0,7
920,0,11844,1016,398,0
920,1,4015,412,6,2
920,2,3648,383,0,10
921,0,11844,1016,398,0
921,1,4059,409,3,3
921,2,3855,395,0,5
922,0,11844,1016,398,0
922,1,4036,410,2,2
922,2,3697,380,0,6
923,0,11844,1016,398,0
923,1,4021,402,2,3
923,2,3873,391,0,7
924,0,11844,1016,398,0
924,1,3982,397,2,3
924,2,102,0,0,224
925,0,11844,1016,398,0
925,1,4111,413,2,2
925,2,3624,368,0,10
926,0,11844,1016,398,0
926,1,4107,410,2,2
926,2,3669,364,0,10
927,0,11844,1016,398,0
927,1,4111,413,2,2
927,2,4010,393,0,7
928,0,11844,1016,398,0
928,1,4089,406,2,3
928,2,3869,388,0,6
929,0,11844,1016,398,0
929,1,4107,411,2,3
929,2,3499,364,0,15
930,0,11844,1016,398,0
930,1,4063,406,2,3
930,2,93,0,0,230
931,0,11844,1016,398,0
931,1,4111,413,2,2
931,2,4109,411,0,4
932,0,11844,1016,398,0
932,1,3819,403,2,3
932,2,3097,359,0,12
933,0,11844,1016,398,0
933,1,3980,408,4,3
933,2,3407,359,0,31
934,0,11844,1016,398,0
934,1,4111,413,2,2
934,2,3920,403,0,5
935,0,11844,1016,398,0
935,1,3891,393,2,3
935,2,3836,381,0,6
936,0,11844,1016,398,0
936,1,4038,408,3,2
936,2,3191,366,0,11
937,0,11844,1016,398,0
937,1,3955,397,2,3
937,2,101,0,0,228
938,0,11844,1016,398,0
938,1,3907,402,2,3
938,2,3900,396,0,6
939,0,11844,1016,398,0
939,1,4024,405,3,3
939,2,3902,389,0,6
940,0,11844,1016,398,0
940,1,4111,413,2,2
940,2,4105,408,0,4
941,0,11844,1016,398,0
941,1,4111,413,2,2
941,2,4036,407,0,4
942,0,11844,1016,398,0
942,1,4090,410,2,3
942,2,3966,399,0,6
943,0,11844,1016,398,0
943,1,4056,406,2,3
943,2,3461,379,0,7
944,0,11844,1016,398,0
944,1,4007,404,2,3
944,2,102,0,0,228
945,0,11844,1016,398,0
945,1,4111,413,2,2
945,2,4095,411,0,4
946,0,11844,1016,398,0
946,1,3952,402,2,3
946,2,125,0,0,217
947,0,11844,1016,398,0
947,1,3982,397,2,3
947,2,91,0,0,235
948,0,11844,1016,398,0
948,1,4111,413,2,2
948,2,4094,410,0,4
949,0,11844,1016,398,0
949,1,3919,404,2,3
949,2,3817,388,0,6
950,0,11844,1016,398,0
950,1,4111,413,2,2
950,2,4094,401,0,6
951,0,11844,1016,398,0
951,1,3996,411,4,2
951,2,3827,389,0,5
952,0,11844,1016,398,0
952,1,4111,413,2,2
952,2,3986,405,0,4
953,0,11844,1016,398,0
953,1,4111,413,2,2
953,2,4042,402,0,6
954,0,11844,1016,398,0
954,1,4111,413,2,2
954,2,4098,405,0,5
955,0,11844,1016,398,0
955,1,4111,413,2,2
955,2,3829,390,0,7
956,0,11844,1016,398,0
956,1,4073,410,2,3
956,2,3758,379,1,10
957,0,11844,1016,398,0
957,1,4111,413,2,2
957,2,4096,410,0,5
958,0,11844,1016,398,0
958,1,4111,413,2,2
958,2,4096,410,0,5
959,0,11844,1016,398,0
959,1,3819,403,2,3
959,2,3817,401,0,5
960,0,11844,1016,398,0
960,1,3924,407,2,2
960,2,3762,390,0,5
961,0,11844,1016,398,0
961,1,3859,404,2,3
961,2,3813,0,0,5
962,0,11844,1016,398,0
962,1,3884,395,3,3
962,2,102,0,0,227
963,0,11844,1016,398,0
963,1,3871,402,2,3
963,2,3843,396,0,5
964,0,11844,1016,398,0
964,1,4111,413,2,2
964,2,4063,410,0,4
965,0,11844,1016,398,0
965,1,4035,407,2,3
965,2,3925,400,1,7
966,0,11844,1016,398,0
966,1,4111,413,2,2
966,2,3794,395,0,7
967,0,11844,1016,398,0
967,1,3871,402,2,3
967,2,3833,396,0,6
968,0,11844,1016,398,0
968,1,4028,403,2,3
968,2,4016,400,1,6
969,0,11844,1016,398,0
969,1,4046,408,2,3
969,2,3043,359,0,27
970,0,11844,1016,398,0
970,1,3900,404,3,3
970,2,103,0,0,222
971,0,11844,1016,398,0
971,1,4111,413,2,2
971,2,4038,404,0,5
972,0,11844,1016,398,0
972,1,4107,411,2,3
972,2,4001,398,0,6
973,0,11844,1016,398,0
973,1,4111,413,2,2
973,2,4094,410,0,4
974,0,11844,1016,398,0
974,1,4072,408,5,2
974,2,111,0,0,224
975,0,11844,1016,398,0
975,1,4111,413,2,2
975,2,3968,386,0,9
976,0,11844,1016,398,0
976,1,4000,399,2,3
976,2,109,0,0,220
977,0,11844,1016,398,0
977,1,4058,406,2,3
977,2,119,0,0,216
978,0,11844,1016,398,0
978,1,4111,413,3,2
978,2,4094,407,0,5
979,0,11844,1016,398,0
979,1,4111,413,2,2
979,2,4014,398,0,7
980,0,11844,1016,398,0
980,1,4111,413,2,2
980,2,3539,375,0,15
981,0,11844,1016,398,0
981,1,4111,413,2,2
981,2,4048,401,0,6
982,0,11844,1016,398,0
982,1,4021,405,2,3
982,2,4011,395,0,5
983,0,11844,1016,398,0
983,1,4111,413,2,2
983,2,4096,410,0,5
984,0,11844,1016,398,0
984,1,4106,411,2,2
984,2,3501,377,0,11
985,0,11844,1016,398,0
985,1,3967,411,2,2
985,2,3697,380,0,6
986,0,11844,1016,398,0
986,1,3944,406,2,3
986,2,3938,404,0,5
987,0,11844,1016,398,0
987,1,3888,404,2,3
987,2,3797,401,0,6
988,0,11844,1016,398,0
988,1,4111,413,2,2
988,2,4102,406,0,6
989,0,11844,1016,398,0
989,1,4017,406,2,3
989,2,3863,398,0,6
990,0,11844,1016,398,0
990,1,4111,413,2,2
990,2,3832,394,0,7
991,0,11844,1016,398,0
991,1,4111,413,2,2
991,2,4043,398,0,7
992,0,11844,1016,398,0
992,1,4111,413,2,2
992,2,4034,408,0,4
993,0,11844,1016,398,0
993,1,4021,405,2,3
993,2,3870,384,0,8
994,0,11844,1016,398,0
994,1,3959,407,3,3
994,2,120,0,0,218
995,0,11844,1016,398,0
995,1,4109,413,3,2
995,2,4036,396,2,4
995,3,124,0,0,210
996,0,11844,1016,398,0
996,1,4111,413,2,2
996,2,4010,393,0,7
997,0,11844,1016,398,0
997,1,4111,413,2,2
997,2,4108,410,0,4
998,0,11844,1016,398,0
998,1,4005,406,2,3
998,2,3989,396,0,7
999,0,11844,1016,398,0
999,1,4042,404,2,3
999,2,99,0,0,227
1000,0,11844,1016,398,0
1000,1,4111,413,2,2
1000,2,3990,408,0,4
